Goods Movement Class,Total Employment,Percentage of Total
1,359645.0,6.252854594290759
2,1608876.0,27.97221618052285
3,3783172.0,65.7749292251864
