factors,mean,std,plus_half_sd,plus_one_sd,plus_one_half_sd
Seniors 75 Years and Over,0.06433839606813622,0.04539651472081821,0.09,0.11,0.13
Minorities,0.5831192767273816,0.23726959149246238,0.7,0.82,0.94
Limited English Proficiency,0.07837072982212649,0.07575448084028182,0.12,0.15,0.19
Single Parent Families,0.12604924055183847,0.09136101976805544,0.17,0.22,0.26
Low-Income (<200% Federal Poverty Level-FPL),0.21426180781585155,0.1426998303346793,0.29,0.36,0.43
People with Disability,0.09926525041664984,0.045019375623696754,0.12,0.14,0.17
Zero-Vehicle Household,0.09063293560975598,0.1241282984291566,0.15,0.21,0.28
Rent-Burdened,0.09959097358337346,0.07865079792951933,0.14,0.18,0.22
