LT75K_Over30P,LT75K_Over50P,RenterOccupied_HH,Share_LT75K_Over30P,Share_LT75K_Over50P
515228,284206,1202265,0.4285477827267,0.2363921431631
