"freq","intersection_gt30","intersection_gt50","total","sharegt30","sharegt50"
125947,764216,476509,3108050,0.245882788243432,0.153314457618121
